User,Count
Ticket Tool#6207,1969
Tickets#4843,435
Astrogirl#6971,427
TwoBirds_#2222,403
Tickets 2#6207,358
Wilven#0001,339
ydal251#0183,305
BobTheSnob#3126,286
HeavenlyFiend43#9893,276
Xcerty#1132,200
SwifSkully#2648,157
Dominion Tickets#4843,155
Beezlebozz#7791,141
Royal03#5925,140
Chubbsffs#5533,139
BobTheSnob_#3660,112
ItsWilven#0001,107
MelonPumpkin#0245,91
Mist#4515,88
Kevcai#8037,85
BobTheSnob_#3126,84
myspideysensesaretingling#3633,84
Gone#4478,68
kevcai#8037,65
ClaysLostTime#2842,63
Lord_Bones#1337,60
bryce553_#5726,46
bryce553_#5487,42
Wellokthen#1132,40
BobTheSnob_#8659,34
Myrtis#4791,32
Wivode#1873,30
chushberry#0104,25
wilven#0,21
MissOlive#3598,19
bryce553_#5353,18
BobTheSnob_#9999,18
ItsWilven (He/Him)#0001,15
Amorsted#3694,15
bobthesnob#0,12
ChauDynasty | LegoJBM#2027,12
ReggiesNewLeaf#9375,10
bryce#5487,9
Carl-bot#1536,7
Hlokk#3694,7
spiderkitten#6971,6
Lunaronium#2463,5
Ticket Tool#4843,5
kmskaine#3401,5
Toast#0971,4
ydal251#0,4
Wolf#4106,4
wasgone#0,4
TheDoddsy#9736,3
skeletron#0026,3
shxdxw#3131,3
yik#3455,3
Zaint#0960,3
BIG BOY#2240,3
beezlebozz#0,3
hot cheetos#2707,3
RÃ∂iÃ∂cÃ∂kÃ∂lÃ∂aÃ∂mÃ∂aÃ∂lÃ∂oÃ∂vÃ∂eÃ∂rÃ∂#4582,3
drhowieh#3206,3
AirKing577#3732,3
jacob.1511#2579,3
Ashley#3521,3
wum#4751,3
dekcraft2#1531,2
violent#2232,2
seahawksfanman17#6615,2
wivode#0,2
Quincidence#1720,2
edds_03(Cosmic)#4472,2
Sela#5940,2
bryce#5726,2
MrLaMoon#0216,2
TheDuckWithAMonocle#2211,2
sarahburble#4110,2
DomSchra#9772,2
Zoe#6000,2
Darklink#4385,2
Monarch#9823,2
Racerfu#6123,2
ChadofallTrade#0818,2
fortnite_man#6754,2
SlickStretch#6929,2
essej6991#7840,2
ProWolf13#2242,2
Umiz#3326,2
Christoff001#3922,2
Sir Code#6760,2
DisNotTubbl#8737,2
Auberpeen#1616,2
PSK1103#4779,2
Jackmoy#1534,2
Dog Consumer#7341,2
OrDinKi#5812,2
_Princee_#9437,2
DDi#2374,2
Brother Don#5151,2
Nemo#6735,2
FluffyMuffins#1039,2
dap#8446,2
JoJo#1313,2
Xuriq#0640,2
lunaronium#0,2
ndubitably#8067,2
Horace Altman#5550,2
Hanzerx#0823,2
relevantcroissant#2201,2
DragonFruit#0092,2
WetLoafOfBread#6092,2
Creekshine#7720,2
JesseBS#8166,2
SortedOrc#9528,2
venom#9858,2
nibroc47#0538,2
Adea#0038,2
Iverson#4447,2
AlmightyPanda91#4195,2
Yuzu#7265,2
arcath#6894,2
myrtis#0,2
Korner_Studio#3642,2
Jsmovieguy#3258,2
OrangeBarrel#6733,2
X_YukiGamezYT_X#8607,2
TinyTurnup123#3569,2
awaterlinesky#6223,2
iDot#1662,2
Cricket#4072,2
Stov#0943,2
Tom.K#1385,2
ShadowDoggX#1555,2
Xan#2554,2
SandysToaster#5306,2
Ibotmealot#0001,2
Freedom#3597,2
BananaMan_276#1731,2
qtrym#9577,2
Fishywishy#0067,2
natasha#7788,2
Richard#0813,2
Dibwell#2405,2
SoupaFish#2725,2
Nolando8#3560,2
wolfsavant23#1939,2
beeknee#8318,2
JaT#0861,2
HammerDoh#0181,2
AshenOne#1128,2
Nova6#4014,2
MrFancyPancy#3452,2
King Sauer#7657,2
neilc#7440,2
Zerxal#7199,2
littleninja682#3362,2
crunchyfrog#8926,2
DarkStar451#6733,2
ToastyMuffin#8697,2
LittleMan_625#4543,2
A_Aron Gara/ Zozamaroo#7463,2
BattleStove#8736,2
bricky_taco#6343,2
I give good lip#2279,2
kmanrt#9945,2
CodeWizz#5334,2
ùï¥ùñìùñôùñäùñìùñòùñäùïªùñîùñôùñÜùñôùñî#1784,2
caped baldie#0384,2
Vinchenzol#9674,2
Flowers#7864,2
Sayyt66#0420,2
edkoz#8720,2
CozmoLobo42#3849,2
ali a#8896,2
ant#4756,2
Bobbyyyy#6969,2
pectoral#9279,2
nichogabri#4647,2
itzraller#2931,2
BeboBupbo#9487,2
Squiddylion#9355,2
aaronsmillie#1226,2
Gendrome#6711,2
Lord_Lollo#6170,2
Ark#7425,2
GardenData61371#7592,2
Ketamine Yoda#9923,2
‚ô£[Ã≤ÃÖ–ΩÃ≤ÃÖ3Ã≤ÃÖ4Ã≤ÃÖ5Ã≤ÃÖ]‚ô£#3631,2
Leila#2945,2
RicRoss#7400,2
The_Bran_Muffin#6663,2
dw#6537,2
Ademonslayerss#3509,2
ExaltedWolf#3399,2
LyingKM#9393,2
freeflame_uwu#0,2
Malacai#4357,2
droid#2433,2
Flamspur#6298,2
Thijs#9605,2
mtnbrkprzn#4025,2
bigboy#2076,2
Cinas#3072,2
Cain#0004,2
ReggiesNewLeaf#0777,2
AgentAv#3237,2
Joshmck#6447,2
Ossem#2543,2
themoonisflat#1900,2
gramp#3092,2
-Djoopie-#3369,2
Delanium#6948,2
Hilderos#0001,2
superyus#9673,2
alcalinesoap60#8749,2
Mediocre#5451,2
villagernumber_9#4515,2
skwiddo#0410,2
aliisakeys#2400,2
doubleB1776#4985,2
chris.#4704,2
lemonfrog#8600,2
radcatdad#8347,2
ShadoW_#7420,2
NikoRF#7821,2
ItsWilven#2268,2
Jesse#9583,2
mr_eclipse#4293,2
Mpier#1415,2
TheGreatSeb#8099,2
profjb#8327,2
Krystal_Fox#1632,2
TiredAid#6014,2
princess pussy peach#6180,2
SamnFTW#5436,2
DawnoftheDead#8726,2
NCEAurelius#7631,2
Astro#8161,2
Premium36#8807,1
Riftey#5105,1
Peer#8338,1
pumkin#0380,1
Cy4nide#8432,1
Dynamism#9583,1
Pollux#5357,1
Mart0034#0034,1
ofthelethani#9203,1
merg#4215,1
Someone#5384,1
squiz#9965,1
Waffles850#3465,1
theAverage1#0625,1
Sublime1974#7950,1
PropertyOfSephiroth#9346,1
Copium#1337,1
aloeAlchemy#7444,1
gjvnq#7929,1
marsbar#9419,1
hebdon#2991,1
Danbomb321#8061,1
homeboy krish#2005,1
annahlise#7749,1
tenshi_tori#7524,1
Smab#8869,1
euoni#5586,1
Captain America#2361,1
DeusVult#3516,1
grav#0404,1
StaR#7568,1
Bluestar and Fireheart#1454,1
spooky#0372,1
racquee#8955,1
Dark Jester#2633,1
Eddiedog1976#3273,1
Daylight.exe#1200,1
Feanarang#4582,1
yumi#5548,1
Mazyboi#5413,1
jawadderall#5385,1
Siprisnight#8349,1
Waleb#0738,1
IamNanii | Alani#5994,1
Z3RX23#3683,1
hach257#0734,1
Hami#8197,1
"Maxi<img class=""emoji"" draggable=""false"" alt=""üåà"" src=""https://twemoji.maxcdn.com/v/13.0.1/72x72/1f308.png""/>#5146",1
Erumwhat#0163,1
tempdropout#6757,1
Sneeky#3626,1
PaintedUniverse#7442,1
Artemis#8604,1
WillboWagginz#1022,1
Biggs#2778,1
Pong#1601,1
„Äébadyzac„Äè„ÄÖ‰ªù#3741,1
Peachy#1062,1
Retnuh4556#5023,1
Goblikon#6302,1
D10RBandzz#4194,1
burnt dough#1697,1
Kaazikin#6451,1
Didgeri Zac#8026,1
jack1#4191,1
SplotchyYew5401#9839,1
jackieee_97#0926,1
ùô∏ùöóùöî ùöÇùöäùöõùöêùöäùöúùöúùöò#0295,1
shrimpuz#1367,1
Boop#7244,1
Altyym#9954,1
pinkymink#6767,1
HarryWayneKerr#9138,1
GamerPeach#0737,1
TechnobladeSimp#0100,1
KalashniCaf√©#5685,1
mageyoulook#2141,1
0FriedEgg0#1974,1
Sef#4887,1
Phos#6689,1
Shadow_Warden#5420,1
Gizmo#5262,1
Kiwi#0666,1
t850terminator#8977,1
Steak#7593,1
Shy#5857,1
Frillya#5096,1
rockets#8718,1
mercurymizuno#9487,1
Terox#5082,1
Dragoo#6023,1
dctyler#8686,1
Scooby#5555,1
KBonczek#5091,1
GetBy#6877,1
0xShree#3939,1
Calcium#4826,1
Comically Overpowered Greela#5756,1
Quick#6128,1
MelonColly#3492,1
Welshy#6083,1
Tinnged#9345,1
Boliverse#7880,1
Tincho#4274,1
BARTSIERTJES#7778,1
Dinglechalk#2481,1
isaac melville#8156,1
King Buster#9172,1
EST#2042,1
J.#1271,1
SillyDilly#4378,1
Mighty#8082,1
Rooster#6668,1
Nyakua#6924,1
Panda21#8274,1
Oceanman243#7545,1
shalashaskaShinkawa#9784,1
Brumbus#4819,1
$$$$ fuck yall $$$$ <3#9901,1
TordTheTilla#5178,1
RumDog#4061,1
Aggresive Monkey#5220,1
your normal idioit#8961,1
DJ6129#2973,1
guglis#4267,1
BurrningArrow#3767,1
BemisAirlines#3749,1
Ren the ducky#9116,1
DepriLuther#5908,1
FBI#4210,1
"Fallen sind gut, Bruder#0104",1
montyy on YT#7746,1
vikidark#6899,1
MrRexyus#0048,1
Blossom#2003,1
Birb#2658,1
Galiano#5199,1
evy#3780,1
SoldierDean#1958,1
Reds#0001,1
ElWalrex#3878,1
namando#6332,1
Slokx#1535,1
cozy_turtle#5075,1
Asildor#2812,1
tiag0gamer#4818,1
TommyInnit#8209,1
dqrk#0509,1
‚óàTinfoil is a delicacy‚óà#1834,1
Meetvursti#3833,1
pavinesh#1353,1
Vonnia#7592,1
WAYNA#4307,1
Stef0629#7331,1
Lockman#2164,1
Gavin#5014,1
Tyguy47#5516,1
beefy#0001,1
Kal‚Äôtsiy#2157,1
potatosticks#0069,1
juk box#8499,1
Robovolk#6510,1
Jecaria#2219,1
smartcast#0859,1
dim#5435,1
Zalligator#6220,1
HOOK.LING#6692,1
cinco5dedrinko#7678,1
sewph#0001,1
malty96#5539,1
Tyrad#3144,1
deeptroyy#9118,1
Kroojel#4624,1
tjimindie#9324,1
harrison#3333,1
Ohradn√≠k#7893,1
Z√∏ck#3126,1
PieceOfShit#0535,1
UnknownEntity#1580,1
weebslayer441#4119,1
PurpleViper#0497,1
linkmon900#1749,1
Jordyy#9895,1
FoxxieWox#6899,1
PositivGetestet#9353,1
zuma25#3355,1
Skeleleton Bones#8367,1
NookIsDefinitleyNotAntisocial#4005,1
FirstFletchedDragon#1075,1
jakee#7130,1
MonsieurLemon#1067,1
katieroseiles#1930,1
Agent_43#9275,1
Elemental#6704,1
Linkace#3927,1
Linux Afton#9244,1
Arin#3681,1
Mango trooper#3921,1
stel#2091,1
Mailus#6748,1
mielle#0001,1
Prostalker684#4292,1
bigshaq#9762,1
rustiicx#9845,1
Litusk#5317,1
KelpiePye#0709,1
Pimbat#7333,1
Firefly#1650,1
!gnorant#6915,1
noocle#3638,1
hklf2#1141,1
MightyDane#7941,1
Jules.#2212,1
frostedcj#2635,1
ZAKOLEK#8776,1
Itsmebsg#8587,1
Sluuurg#6320,1
BearOnDaBottom#2691,1
Jim#8969,1
Alex!#6482,1
TigosTeacup#4298,1
"davington<img class=""emoji"" draggable=""false"" alt=""üè≥"" src=""https://twemoji.maxcdn.com/v/13.0.1/72x72/1f3f3.png""/><img class=""emoji"" draggable=""false"" alt=""üåà"" src=""https://twemoji.maxcdn.com/v/13.0.1/72x72/1f308.png""/>#1789",1
TheAsianMate#2650,1
NaOH#4221,1
hendrix#2550,1
PenalBuffalo#5531,1
Turboskunk#0846,1
MiniBluu#1977,1
Moisty#0002,1
PizzaPug3475#9665,1
Chipish#2323,1
kcaat#0014,1
canoeoar#7474,1
AlienSoph#2800,1
Caylin#1016,1
Jordan#1493,1
MyCaffeine#0001,1
Marco_Cole#8143,1
rckmnky#0119,1
bailey#2860,1
Insidious Gaming#4345,1
gdziekucharek6#7219,1
start.sides#6146,1
wholivesinapineappleunderthesea#3044,1
BoeingBoy737#3461,1
HahahahaWhat#4910,1
A Cup Of#4135,1
PvP legacy cat#3879,1
Nick_team#6119,1
mr. nobody#1123,1
raccuma#3212,1
jarodlewins#5948,1
Aylecorn#2022,1
PopoAdamko#6532,1
voidles02#2153,1
Forlorn Lalluby#0607,1
Roon#2207,1
quavy#8782,1
yasseror#9583,1
nirze#9999,1
Matthewrabbit#8222,1
bisquick#0474,1
pat.#1532,1
MMTE#8405,1
Choco#0111,1
82DL#1732,1
qzm#5829,1
generalsigve#3472,1
likwit#9066,1
yasteen#5324,1
lisa „ÉÉ#9302,1
gufifeg#9366,1
1_H4ND#1969,1
Roob#9451,1
gabs#4368,1
capybara#0951,1
* Uneasy Screeching *#1734,1
SkankHunt42#2526,1
sussyese#1236,1
Sir Nipplington#0873,1
ScoopZ#9734,1
Zoru#3870,1
Ruokas#6356,1
heizen#6720,1
"sir caRti++*^!<img class=""emoji"" draggable=""false"" alt=""ü¶ã"" src=""https://twemoji.maxcdn.com/v/13.0.1/72x72/1f98b.png""/>#5205",1
Shrimp#8113,1
Gring#7129,1
Bread#8857,1
„Å†„ÅÑ#3748,1
SylverNightSky#7856,1
SquishedFantom#6361,1
hydra#6771,1
idiot#0418,1
Joe Nuts#0809,1
mcbot#0242,1
_retroP_#0249,1
ThaPersun#0825,1
may*#0001,1
Pixel#6135,1
Skaldu#3046,1
dumbass#5208,1
Ryelowz#3250,1
Tony Macarony#4595,1
CheezeNuggies#5908,1
GOOSE#4622,1
poolqis#9244,1
Invis#0204,1
Dejavu#8244,1
Noname+#8345,1
sky#5678,1
GlizzyGladiator#2967,1
lavish#1529,1
Navoko#7852,1
Kruppson#5167,1
Rik#6760,1
‚å¨ Santi#2406,1
psy#0954,1
Phoenix_Doodler#8772,1
shwammy#7615,1
Slyngstad#6209,1
ùóΩùó∂ùóªùòÄ#5292,1
Vorosh#1218,1
Echo#4566,1
Kylecack#3800,1
Nie#2878,1
Living-Karma#3119,1
"MÃ∏ÃΩÃçaÃ∏ÃèÕãxÃ¥ÃèÕí<img class=""emoji"" draggable=""false"" alt=""üíö"" src=""https://twemoji.maxcdn.com/v/13.0.1/72x72/1f49a.png""/>#4956",1
Ignis#7563,1
RdstoneMster#7716,1
Quarky#7910,1
samipeesonkids#7086,1
ryzen#0321,1
skullbomber64#3987,1
Vynix#7774,1
Aces#5946,1
HastyBurrito351#6445,1
Dreaw#4880,1
SwordFlight#4877,1
CatSpam#6273,1
a witch of sins#3146,1
Madelllllin#4208,1
Tier_X1#1434,1
3DprintedBoi#1560,1
Galvantar#0527,1
Inthedarking#4575,1
Sparks#0377,1
¬ß√Øl√™√±‚Ä†#8402,1
beidoumain#2717,1
CrimsonScar#1606,1
hjclarsson#9744,1
the merrymaker#4254,1
SirFroggie#6826,1
MrEngineero#5882,1
‚ó¢NIK806‚ó§#7191,1
MikeyQ#2917,1
CapToon#9691,1
Mitroi Ciprian-Andrei#6454,1
Chocolatetink#6104,1
Iron#2726,1
Famzey#6156,1
Insanity#6373,1
Icey#4657,1
Val-7#9491,1
hoppyfrogs#9764,1
sam.#8250,1
Gok#9383,1
JustMe247#4705,1
elitefrostbite#3941,1
redpacker#6153,1
Major#4820,1
Filufs#5602,1
worlokto#9510,1
Dancas#9134,1
Screamathon1234#4021,1
Ashen#0917,1
AlexeyShved1#0082,1
Mr. Bear#8425,1
ImJocelyn#1787,1
Shrimp#9016,1
lance#1111,1
TiaX.m3#1915,1
cofee#7234,1
jo#3857,1
"<img class=""emoji"" draggable=""false"" alt=""üí¢"" src=""https://twemoji.maxcdn.com/v/13.0.1/72x72/1f4a2.png""/><img class=""emoji"" draggable=""false"" alt=""üí•"" src=""https://twemoji.maxcdn.com/v/13.0.1/72x72/1f4a5.png""/>Katsuki Bacookie<img class=""emoji"" draggable=""false"" alt=""üí•"" src=""https://twemoji.maxcdn.com/v/13.0.1/72x72/1f4a5.png""/><img class=""emoji"" draggable=""false"" alt=""üí¢"" src=""https://twemoji.maxcdn.com/v/13.0.1/72x72/1f4a2.png""/>#5473",1
SnazzWagon#9843,1
theisorgaming#3573,1
Birdo#6777,1
Bounty#8514,1
fat round asian head#8099,1
NotTheNoSkin#8927,1
Lentil Bean#8906,1
angle#7010,1
Bak#7551,1
tomadojuice#1693,1
DogInDisguise#4526,1
Hobo_joe1010#1769,1
ItsNotFin#4747,1
Muiji#9846,1
ahdplaUwU#4679,1
Kaeren#2922,1
Saell#5550,1
Quinny#2316,1
Spirit#4309,1
fokyo#0001,1
Mrwho92#0382,1
IceVortex#2263,1
Marky47#6154,1
pelican#1899,1
Spoowpy#6140,1
purplenurple#9891,1
NewToGames#0001,1
Saber#1568,1
aniMags#2887,1
connerly#4767,1
ImmortalJuicebox#1308,1
Hoehlin25#2205,1
Perry_The_Perry#8907,1
brownrice#5327,1
Zidane#9386,1
canchero16#2653,1
crafterluigi#8984,1
alolavoid#9946,1
"<img class=""emoji"" draggable=""false"" alt=""üÖø"" src=""https://twemoji.maxcdn.com/v/13.0.1/72x72/1f17f.png""/>esbian#6879",1
Dustee#7861,1
Mr_coolcup#1509,1
bubbaprime04#7167,1
MightyRobot#0001,1
JimmyGoodsales#2146,1
woodchucker#6202,1
Max from outer Space#0806,1
Sammael#9147,1
Lil_Bee#4775,1
-amir-#2540,1
Ben.#3149,1
Wezdie V2#6569,1
Digilent#6917,1
CybertronianMinx#6059,1
Spuds#0285,1
AfraidRobin#3531,1
Smoochums#0700,1
51L#2180,1
Lady Yiu Kitsune#2180,1
Salt#1924,1
Mini#3956,1
KnightShadeVI#2397,1
Chris#3730,1
Lord5th#8894,1
Exelexa#5745,1
dizzy#7829,1
IamNicky#7873,1
Boop Bity#5504,1
doomducker#9373,1
cooleostarstash#6086,1
Rory#5750,1
Anglix#1772,1
This_Guy_rEd#0652,1
bass#1747,1
bloop#3013,1
Rampage#4748,1
acrazia#4904,1
Boomy#9745,1
Nasanjito#1549,1
Coco.#5274,1
liorlev92#2755,1
·õû·õñ·õè·õñ·ö≤·õè·õÅ·öπ·õñ√ó·ö≤·õü·õó·õü·õû·õü#4817,1
omega#1000,1
Courier Suskoom#5847,1
legit228#0670,1
PropertyOfLeonKennedy#9346,1
ItzHyper6120#4442,1
LoopyShark#4303,1
MeIsMrSpusd#4725,1
almevi#1086,1
flfoiuij#1563,1
Steelsy#9943,1
Svitlia#6605,1
Boas#5489,1
TheNumbersGame#8787,1
FboxATV#2583,1
Sonicboom#4174,1
rtanj#6160,1
Kodamasa#0671,1
Ferb#2836,1
Lemonade#6851,1
VanillaPlum#9593,1
Shark8201#7290,1
Lick#6723,1
Prestonn2705#3038,1
Spudbuilds#5437,1
AdamD#9487,1
Satomi#0001,1
UnlikeVanity#0677,1
TheKracken642#9288,1
Rotty#0241,1
RedZone#5424,1
WatcherXP‚Ñ¢#9282,1
Retard#7084,1
Io#6092,1
Mutley#1591,1
JugularWhale#2196,1
kiera#0042,1
kriteo#6350,1
Colrr#5032,1
Azizrian#7389,1
Trac#9003,1
hairburrito#2695,1
WhyDoI#9241,1
HazzaKyn#7205,1
ColdOatmeal#5791,1
Lather#0358,1
BawlinBawl#3908,1
Zoagel#5793,1
Rane!!#7057,1
Max01#2905,1
freezypop#4008,1
kepaist#4421,1
_cliff#2751,1
morbidkitty#3905,1
Waffelchen#0773,1
poparcade2005#4029,1
mathisawesome711#8203,1
CloudFuel#0001,1
nosaJ#0487,1
Agent207#3628,1
ToxicChief0117#3675,1
d–∞n#2797,1
ArchGrid#1197,1
GodMinos#7415,1
Xulik#5294,1
rebeccareese11#1673,1
MakotoKino93#4440,1
Ugly Joe#9801,1
„Åæ„ÇÑ#0650,1
Fed.#7956,1
ArcticFox38894#6300,1
Tame My Wild#9330,1
Wolve#5631,1
Jogchum#0855,1
Munggi#3680,1
ascii#6800,1
soka#1442,1
Sarkonix#3869,1
DoorMan#3760,1
1rre#8572,1
Johnny B Average#4348,1
Dennse#3399,1
rubyeyedfox#6190,1
Walt Disney‚Ñ¢#5670,1
Looka#9348,1
Zach#3305,1
BrotherWhite#3678,1
PenobScoT#4264,1
ZaraZarazua#4368,1
jonassn#4944,1
mootvey#0530,1
Average_Minecraft_Enjoyer#7833,1
FirDelLance#5404,1
DavidDubois#2905,1
ConfusedRubix#2212,1
Charl#6666,1
Thegaybutterfly#4646,1
FOX#3409,1
Unknowing519#9117,1
SophKost#8046,1
Alsomdude2#1350,1
‚òÜ„ÄúStarLite„Äú‚òÜ#3109,1
kayt#7220,1
NoodleLike#2978,1
workink#8645,1
litherut#7134,1
xMadisonx#6822,1
plusfive#7537,1
honeyoaf#8710,1
lenovu#4063,1
Collapsed#9856,1
LoveLoveDelux#7873,1
mysteriousCow#3896,1
_ChrisssY_#1168,1
Divine#4677,1
EGirlMagnet65#8006,1
Kieran#1838,1
WezCorp#0816,1
timmus#8026,1
Babsie#0767,1
StormMc#7624,1
Jetnad#6370,1
Thiccpiggy8378#4442,1
Corrupted#9079,1
buntarou#5061,1
BillyPWI#5250,1
MCbarre#8896,1
baby quackers#5116,1
Janro9602#1011,1
HSU#3612,1
Trash_panda#8709,1
krypnot#4592,1
deleteyouraccount#6508,1
Sentua#2530,1
THEFIATCLAN#3540,1
VO_o#1771,1
Paw#7715,1
Sia#3874,1
Henry12#2607,1
Maisa04.asg#4048,1
andrea#9999,1
Alk#0646,1
Karma#5902,1
zoeslowey#5816,1
Arrke#0610,1
Sblod#3210,1
gkall02#6165,1
Ducky<3#4809,1
mattr#3254,1
OhAnaPlease#2864,1
haakonash#7476,1
mg23bb#4802,1
Your waifu is trash#7085,1
Mr Mage#5781,1
Finnley Stewart#2121,1
craigjj#6066,1
SarahC320#5993,1
Alomerica#0823,1
Rae <3#8865,1
blacklaxstar1#0376,1
SeaBurni#3307,1
soleil#0333,1
Maddness#0880,1
Morb#0168,1
star_anise#1582,1
Its_Smok#3752,1
fndr13#5691,1
Warteks#3319,1
ChrisO#1673,1
howler the wolf#8318,1
Cabbage Fiend#5743,1
Nando#3333,1
Z√´ƒºƒë√•#8645,1
MugenNitro#0934,1
Barianna#4734,1
Aunuce#6380,1
Iodine#0001,1
Hawkmoon#8604,1
Inquisitor Alex#3973,1
Fry#4070,1
Philz#4696,1
Not A simp#8737,1
PurpleLIFE#6642,1
theenbyphantom (they/them)#4386,1
eliza#1420,1
Kailalee#9520,1
preceededsoup#0,1
numikek.#0,1
sygnalx#0,1
heavenlyfiend43#0,1
ry.u#0,1
ZenciSever#6969,1
spacethewhale#0,1
MEGATRON (–ï—Ä–∂–∞–Ω)#0529,1
pepemitsos#0,1
teamkhaleesi#0,1
Kaden#1163,1
blank.9702#0,1
Jamesisop1#9219,1
mirk_user#0,1
ham0thy#0,1
iballisticnose#0,1
Snails4Free#9988,1
Vivillian#7044,1
Passive Monkey#2252,1
jennithefox#0,1
Jasx#6722,1
mag2stone#0,1
lucky58#0,1
kkn34#0,1
bradenhbu#0,1
CAPT_Cheesehead#7264,1
Glaskii#1337,1
goose.lafleur#0,1
gardendata61371#0,1
ancistrus#0,1
batex#9706,1
Fev#0001,1
KowWow#8441,1
Koushik366#3666,1
demignome#7493,1
Samathy#9317,1
LeonardoTheNinjaTurtle#7917,1
egg#8888,1
Callum-Kai/DefianT#0691,1
orange#2721,1
NormalBoringName#6595,1
Dilya#9629,1
hungry8boi#8277,1
betasword#4246,1
Boourns#1734,1
lagged#1079,1
Balduin#1385,1
Criss#2886,1
Chef#9068,1
6ssd#9080,1
Architect Boi#0457,1
Ostberg#0979,1
garrett#0101,1
lifegarden#6974,1
Peebs#2772,1
Floppity#5219,1
SSev#0716,1
AJ_n_Crafts#9870,1
dove#0377,1
Usha#6389,1
Osofter#0082,1
Camo Fire#0781,1
AlexTCF#2786,1
L-Ê±ó#0435,1
Beeboi#8146,1
Nibirue#1134,1
Sped#2040,1
Infuse#7777,1
byung#7378,1
Pigeon#6977,1
IntrospectThis#5877,1
Audio#2677,1
Karp#5079,1
ParadoxX#2001,1
claudin#6701,1
Subi#8401,1
VerdantThorne#2206,1
bam#4606,1
Kylian Mbapp√©#5670,1
Galactic_Sarah#5233,1
tofuweeb#1178,1
Knowledge#7940,1
[???]#4063,1
KitKat#0074,1
BlackberryX#2199,1
Malky#2276,1
kayk#1559,1
Keltic_Dave#1936,1
suzuri#3563,1
PattyP312#8465,1
bowen_arrow1220#9727,1
int3rr0r#4797,1
Fireheart1086#5202,1
Bellavee#9458,1
ItsGujii#3795,1
EstaticBread#6792,1
bvuwebvuebvu#0390,1
JohnHB#8693,1
EvilDuck99#0099,1
Max_the_cat#0395,1
Xhoria#4444,1
"gooddaymilady<img class=""emoji"" draggable=""false"" alt=""üëí"" src=""https://twemoji.maxcdn.com/v/13.0.1/72x72/1f452.png""/>#5484",1
feyscape#6969,1
Ring-Ring#3635,1
El#4061,1
Dymax_x#5984,1
RUS#0782,1
GamerSheep#7323,1
Venom.#9509,1
oscerP#3012,1
ProjectHades#9626,1
Hachi_nijuu#2008,1
Damanator66#7785,1
Mike Ehrmantraut#7942,1
Hild#0001,1
Unique Fantasy#2601,1
Toed#8737,1
Aiden Silver#0482,1
Jalex300#1630,1
Daybong‚Äôs TV#1991,1
Jackaaary#7106,1
Renoux#5659,1
Rexmaddog#2152,1
MrTaco#0394,1
ITsSteffa#9844,1
GoneVegan#9071,1
PprincessG#0279,1
Nolsjokes#5464,1
chris.#6253,1
Elarz#9843,1
Prim#4640,1
jules win feel#6668,1
Gumby#3817,1
Catman#6489,1
Fake#3597,1
Avocadogerms#6091,1
AarySlayz#0122,1
Shelly#2003,1
chrismandao#1332,1
llkun#2090,1
kiwiu#2038,1
TetrisNerd#2766,1
PokeyMantella10#0231,1
shiajukaryutano#0405,1
Oscar26#4235,1
Ivygamer2020#0544,1
xC0C0#2726,1
neon#3443,1
CansoTaxi#7209,1
duradora#5253,1
Gameknight999#1754,1
Indigo#1324,1
Emerald2027#5824,1
Tren4#0800,1
nolanh7#7109,1
Stevo#0943,1
khloud#5337,1
Claysium#3062,1
bennyboyyy#1863,1
RandomlyDying#4796,1
Daltbro44#7860,1
Joycemeister#0746,1
weak#1639,1
Thanus#3199,1
Necek#8790,1
RedNas#7889,1
noraxluna#8177,1
$hady#9965,1
cherryzard#6203,1
Qveaa#8319,1
TheAdjectiveOne#6770,1
commandercool12#9768,1
yove#7397,1
Suda#9174,1
7Mebels7#9507,1
nope#5035,1
SXY_Gunter_wants_you!!!#8756,1
Noble#9893,1
Qwaczar#8008,1
Shaaarkyyy#6533,1
Zmeagol#4019,1
maximoo#8887,1
Maximoo#4861,1
Malaysia Airlines flight 370#0616,1
SS3nse#5075,1
The Stoney Boy#6254,1
REAL-LIFE-ZOMBIE#7396,1
bk_______#5794,1
hiiiiiiiiii#3083,1
Kaneki#1891,1
Monkey97480#6684,1
sushitrash#1750,1
DISHWASHER#9705,1
GalaxyFrame#1759,1
Hunter1019#0487,1
Ethanvids#5194,1
livereal#0417,1
SoulflareGM#6576,1
"BigaWriterBossa<img class=""emoji"" draggable=""false"" alt=""üëåüèΩ"" src=""https://twemoji.maxcdn.com/v/13.0.1/72x72/1f44c-1f3fd.png""/>#7012",1
Code#2546,1
SumChump#7354,1
Xeo-yn#1693,1
lol√≠k#7757,1
Augusto peruano‚ô°#7097,1
Smallfry#1299,1
MemeLordDax#3801,1
Luc#1337,1
gagz#5229,1
FireLordCora#5802,1
bapokox#9531,1
Wade Waker#8052,1
R√∫ben_Filipe#3005,1
Marlie#4398,1
wzak2#6094,1
HeroMaster#6492,1
Milo.#3281,1
thirteenthcrown#7993,1
MrStealYoKills#6729,1
Teague Vox#7093,1
TrapMarket#0143,1
FuriousStryker#8038,1
appolotheraccon#8967,1
Autumn#1816,1
Twitchy#1621,1
Skrroorrgg#5814,1
Memelord69#0395,1
Aurelian#5774,1
VadoseScarf3#8049,1
MrPenderweed#5285,1
EndlessParalian#9364,1
Ishrak#0771,1
SnowedApple#0001,1
EugenieSaysHi#2536,1
deceiverW#1190,1
LunarBandit64#6844,1
Zoltec#6041,1
HalfAnEmma#4732,1
Fart4You#5872,1
Jinglez#3848,1
Hot Lettuce#0721,1
Mr. Duck#4837,1
VERTiGO#4046,1
RadioactiveSpoon_#4171,1
Aytai#5978,1
AlexM&S#5517,1
XeptioN#0523,1
KingWolfer#5364,1
spooky_bitch#5754,1
PascalAndreas#0905,1
Saguache#6487,1
annee#1919,1
yasg#4193,1
JerryPOp#9895,1
Therapist#0995,1
froguni#0379,1
ùêºùëúùíπùíæùìÉùëí#5304,1
nuero#3942,1
Toast (Lance)#4069,1
rckmnky#7410,1
AllottedJoker61#4854,1
Cal#4479,1
UpsetMachamp#5004,1
Smarc#0585,1
Mechanic_Gamer#6024,1
Khuon#3445,1
kou#4361,1
Darby#1351,1
Hyphins#2049,1
KingEriK#5284,1
IamJess#0303,1
Zandy#5023,1
ChaiDragonwell#5076,1
Alexjoe22#4729,1
Kuuke#3580,1
cal#8202,1
ShiftyPlays_#7293,1
MrColemanCC#2026,1
Ralphblaq#0267,1
James Hutton#4473,1
x3lettersnumbers#7285,1
VisedTurtle#9766,1
Mikki#2976,1
Nightfall#4700,1
Thunderflex#4668,1
MLGEzzy#9552,1
Ventace#6285,1
korister#8386,1
GardenData61371#7527,1
bluissh„ÉÉ#8924,1
Moonboy#1014,1
llana#1010,1
Nilomas#7480,1
cruz27r#8689,1
"sam <img class=""emoji"" draggable=""false"" alt=""ü¶ã"" src=""https://twemoji.maxcdn.com/v/13.0.1/72x72/1f98b.png""/>#0332",1
RickyBanan#5699,1
SpruceLogs#1277,1
Compact#1249,1
Digimetal#8504,1
voyager#8116,1
hqyes#1284,1
raserlaser#2129,1
GrŒµg#7687,1
catgirlMatty#8066,1
Z_RG#0996,1
C√™Jota#8485,1
sigge#1337,1
Oxiduck#7620,1
star star#1274,1
Chillipepper#7176,1
∆à è…Æ÷Ö Ä…¢#3271,1
whyamihere#9640,1
OhAlvarez#3440,1
fancy mcfancyson#1928,1
naruto#9678,1
papyrus#5956,1
hud#2577,1
tropic#3938,1
Brasko#2865,1
peanutbutter._.#0022,1
EddShae#2019,1
sllab#0737,1
imkersenpit#5975,1
Shadowblack#9223,1
Marshunter#5468,1
elouise#0377,1
boomerv13#3369,1
Tdbattels54#3556,1
BeelzebubVA#0870,1
CoffeemomJB#3686,1
bruhbama#3401,1
Charil1#0082,1
chickennuggetlikethat1987#3053,1
Zain#4759,1
Stitch#2049,1
Tim0#1710,1
Nikita#4001,1
Read#8029,1
ChrisGoldbach#1848,1
FatlessOstrich#7015,1
MrTof#0866,1
Zigge#7618,1
Some Nerd#3125,1
Endossi#4242,1
Doexy#0455,1
ArtisticBunny#0439,1
binbamboo#2106,1
Bibbit#0917,1
Toffee#8908,1
Natstarplayz#6174,1
"Aliz Friend. ""The Merc""#3273",1
samarcher2000#5353,1
Walter.#9080,1
Pxeld#6766,1
Howard Viva#3616,1
Stonenoob#4536,1
simonlovespetz#3241,1
Whitetiger_5221#0745,1
GreylemMB#6796,1
Expect0Patr0num#9204,1
Kenty123#0498,1
DreamXOO#3053,1
Master of the Blade#8293,1
DarkWing#2176,1
Luna Synth#6508,1
bucky2000#6393,1
icepickero#1342,1
GRIMM_RE4PER#4432,1
CommanderZapp#6012,1
Breadn#3378,1
Simply#8911,1
nonotbob#5490,1
NerdStoke#8317,1
sopin#8874,1
Robottraveler#5223,1
FROSTFIRE758#4628,1
Antman0426#1095,1
AwesomeMissB#2978,1
lord mandy#5515,1
Stick Of Bubblegum#8569,1
Giorno Giobama#7164,1
veqrm#7996,1
RaNdOmCoW26#5861,1
CanadianBacon#9277,1
Blessed#0777,1
Meansy#1102,1
cringe idiot#7754,1
mccaffertyscks#2241,1
notacidpotato#0164,1
Syrins#2504,1
Acceb#4526,1
Reaper XD#3492,1
jojodoodle#8348,1
stella#0379,1
AffableAuthority#2972,1
bluedude#4746,1
cowpigman#7504,1
yaiks#5290,1
Grast#1429,1
BobDaRula#8357,1
Mooven  ( Ôºæ‚ó°Ôºæ)„Å£‚ù§ ‚ô™#6917,1
biGfurry.lukass#7669,1
Eris#2911,1
Avocato#3768,1
EvilMuffy#3735,1
driftingaway#3308,1
NIQUIL#6572,1
pyro#6306,1
soods#4711,1
Loren#0005,1
Porkey#2625,1
Dragnal77#1884,1
cleod#4980,1
germ#4211,1
BigDaddy#8247,1
Perrozzino01#0206,1
Butter#4942,1
Alpine#2520,1
slurpeez#5614,1
Tijmen#9233,1
D1Y#0089,1
Whams#0001,1
alpix#9903,1
Ed778#6958,1
SilverBoJangles#1356,1
Grandpogger#0186,1
Taylor#0991,1
Rennen#4252,1
Fallacy#9121,1
Bone5_#8703,1
hiraya#9105,1
Tlg#3498,1
psymonk#9434,1
Kazmo 2.0#3368,1
lucasliao0403#2824,1
Shig#2423,1
_joe28#8038,1
NotAtAllBenny#7845,1
Captain.JayBee#0218,1
LoganCrunmpet#8362,1
Nemina#7241,1
SammyTheRat#4538,1
Ice Fox#9549,1
Xplosion302#1255,1
DepressieBeer#4944,1
MasterOfPuppets#1653,1
C-O#9671,1
LarbGuy ‚öí#1455,1
Ivann#3797,1
PetJaMan#9840,1
mellometric#2991,1
annaa#5838,1
oh hi#0595,1
MrStuffo#9464,1
gyousab#3372,1
DawnoftheDead#0709,1
Popeska#5664,1
Dawn#0709,1
Bruncil#8763,1
Oslu#7068,1
mocha#7874,1
King_Cassius#4020,1
Ches#0508,1
imanzanganeh#5478,1
tired_tomato#4004,1
GuusTheNerd#4097,1
Danielh90#3625,1
Cthulhu Simp#8891,1
0316d07cb3844f37b72d3883269fc780#9541,1
dream#1550,1
menshave#2241,1
Jacko#4174,1
cherry123kiss#9407,1
Sushiroonie#4259,1
DarkBoxItself#9544,1
zkay#0621,1
Eriss#4441,1
somni#3919,1
Salad#3951,1
Beta Ray Bill#3580,1
Stardust_Miner#0987,1
a pretty handsome bearüêª#8408,1
jovan‚ò≠#0001,1
Nomad Bree#0479,1
LoquaciousFox_#3801,1
Hilderos#2036,1
whisky#2347,1
Noodle„Éâ„É™„Éï„Éà„Éû„É≥#9618,1
NotSusBlack#5847,1
NaturalAnthm#1465,1
CrispyPlopYT#3426,1
Ruehnar#9635,1
Dr√§ft D√∂dger#4683,1
boss72#2748,1
Fiddydiddy#7369,1
Gentifa#3972,1
shoob#2865,1
PitZahot#6332,1
See_Ya_Chump#8557,1
noorvdbergh#0886,1
l1dkv#1320,1
DimensionalChaos#2445,1
Skelelton Bones#6904,1
pollie#0908,1
JuJu_Min#5946,1
nanobruja#2984,1
Muneaki95#5946,1
Zyqoa#3897,1
mspun#2984,1
Ferm#0961,1
Forbidden Lion#3715,1
kdt42607#0390,1
CreativeBlock5#7227,1
Chhat#2206,1
KatAbomination#3041,1
Night Fox#5198,1
Sans1#6347,1
LefthandedLynx#2130,1
jan#3333,1
nickyrobby2#0376,1
NOOPS#7602,1
Rosiku#2815,1
Bkdevil#6407,1
w9h#5132,1
YLunatic#5656,1
Skooma Belmont 55#5847,1
Zig-Zagan#3121,1
SalamonMan#2034,1
WAIA55#5847,1
user437990#8613,1
jorge_gonzales#0961,1
BossDaily#6016,1
Kesude#6356,1
Bob_#3126,1
SpuriousGaming#3163,1
ToppHaat#1861,1
frogonamushroom#2650,1
Zxndro#7752,1
CatBoyKink#4317,1
Sury#0837,1
DJayEJay#2436,1
DolphinInBlack#4607,1
PrimrosePiano#5820,1
BlessedDrop886#2415,1
autumn#4732,1
Exelent#1275,1
______2______#3216,1
AnarchistBees#9138,1
thegreatfloof | Jocy#9281,1
Feta#4286,1
Pepsi#8487,1
AlwaysUp#6460,1
mattman#3194,1
HomelessBoi#5093,1
CarnageRF#2074,1
Dolgorukiy#4922,1
tat√≠nek#2198,1
Ciraya#1479,1
Jingeroo#3144,1
Priskillet#1060,1
nona#0571,1
big momma gart#9300,1
jAlex07#1852,1
Casper49#5684,1
Lev#6107,1
Shouhi#6230,1
Alfons#3022,1
not jeff#4015,1
SortaEvilMini#9680,1
Hanneke#9108,1
CBlues#0521,1
SzekiDori#2310,1
Shawty (Issi)#6179,1
nru#0514,1
‚ô°T‚ô°#6663,1
_Aang_#4741,1
BeardedBonk#9398,1
Camila (Camz)#9950,1
Prof. Random#5784,1
DangerNoodleo#2101,1
Sil3nc3tv#7975,1
Neosweep#0645,1
Dez#8996,1
NicoPhobia#0190,1
Hxdmi#1924,1
ChristiAnn#9697,1
Soft.#4294,1
Jetison333#1694,1
evvydose#0626,1
ravivkit#0623,1
The_Tempo_Golem#0452,1
AliChami_2008#7782,1
PopClue#4999,1
AD#4837,1
Engineer Gaming#4765,1
shuddy#8003,1
Vollin#5343,1
InsainGenius#3469,1
Caelesti#0001,1
mysticprophecy#3554,1
Barrett#8164,1
Rodrigo Lessa#8907,1
Tenornotorionor#4392,1
airPILK#9101,1
Scout3940#5283,1
TLZAC#9341,1
Sillyfoal923458#5743,1
Sephirothphoenix#6448,1
RedFlavors#4689,1
Scout394#5283,1
Zsman66#4842,1
‚ùÑfrog‚ùÑ#1515,1
garlicbro#6990,1
luftieced#6854,1
reagentC#9291,1
Redturtle8#3009,1
Glitter Fart#9357,1
racerpup#6710,1
tezzaract#7439,1
kel_7973#2449,1
canoeoar#4597,1
PureRage#0788,1
Ocholan#5091,1
Zackpotata#3289,1
HBK#9134,1
Brandopark#3036,1
Cayrem#4200,1
CheshyBaby#7364,1
zhufish#4132,1
oscerP#3625,1
PuCaN#9764,1
Kirby#5119,1
Trifled#0420,1
Lil_Jeff#3951,1
Philophon#4177,1
snipps#1042,1
AllTimeSlow#8718,1
Aggressive Sigh#2269,1
Soul#7395,1
Apache#9999,1
Hatokyo#7410,1
a.loner#1905,1
CURSIVE#8211,1
Prriz#1244,1
RafaKohn#7839,1
Binary01#7080,1
raelyn#2539,1
Sava2003#0063,1
AlienAstronaut#0197,1
4Bb1E#0744,1
DRH#3982,1
ItsAffinity#3587,1
black#0415,1
Cloud#9898,1
Manteio#0001,1
sierra#6198,1
whatamwhatam#8779,1
Noneyabones#1117,1
pep#8195,1
Jagyr#1783,1
Pallly#8430,1
XxDauw√¢_BabyxX#2097,1
CalamityBlue#3743,1
skzl#7221,1
Ninjakid0104#1630,1
Kit.Bishop#3851,1
Pyro#7530,1
MD#5547,1
BrizFulgur#2519,1
violet#4697,1
Egg#0889,1
TreycPlays#7250,1
AlexDiamond2103#2651,1
Biggs#2885,1
snooky#9135,1
JuanDelPueblo#1401,1
InfinityBreach#5995,1
Cats_4_Change#4823,1
Duck_Duck#5711,1
rian#0139,1
danielxd#3553,1
ScabBrain#3559,1
Piocoo#4623,1
HunteR#0931,1
Mutton#3742,1
Shaelmaar#6097,1
CobaltBlock#4510,1
RexxStone#7123,1
Bluepawn#4090,1
sailorstirner#7657,1
Onkel Strump#6740,1
Powspike#9007,1
MonsterLover556#7450,1
BurAndBY#3025,1
Manhasito#3736,1
Colter#6092,1
TribalDrgn22#0774,1
CharlesTheSloth#3482,1
Sandyshotss#3138,1
icedtea#4877,1
Goldens#3096,1
Dahlhouse13#2925,1
Doyle#6064,1
mooseüçÅ#8278,1
a hen#0638,1
Tandarine#1257,1
Twinky#5303,1
Vivanco#5990,1
FelixTheIdiot#8031,1
robepriority#2626,1
ZAngeloRulesFan#1835,1
Pop#6567,1
mushu500#9755,1
Fullmetalroxas#8087,1
Deeves#7083,1
ashleyyk#4083,1
tatiana#7346,1
themightyphill#0923,1
New World Order#7383,1
Endoreon#1162,1
lalondes#7633,1
Faol√°n#0551,1
sobaan#6461,1
tolemo#6684,1
jesss#4420,1
Oliveira#9535,1
Rexigais#8361,1
Zephyr CXLV#6691,1
Zirker#1611,1
The Mayor#9749,1
Bush#5430,1
unajunga#5478,1
Gnome#8277,1
TDS_Marit#0836,1
pipsqueak42#2238,1
ShadyPandah#4405,1
TDS_Tim#4334,1
Kohuda#6818,1
Soldierus#4284,1
Damonj17#0001,1
„ÄéRingabel„Äè#3038,1
Alex is my Name#1447,1
TheSkeptic11#6545,1
Moyellan#1986,1
TrollinTony#1085,1
Soda#4988,1
Pneumatic Soul#4298,1
Goldbird#1615,1
beetlebum300#8522,1
Schematix#7207,1
steveethegreat#7620,1
Spacix#2150,1
figuresof8#1412,1
Createx#8074,1
rxxce16#9555,1
Travis Sedai#9377,1
Unlegend_mapri_50(Hirsch)#1167,1
hamtheman#3813,1
nicoleBRUH#8986,1
erehna?#7490,1
PastaCode#7977,1
Mike_Nolzy#4182,1
AlexJones#5931,1
Linux#0565,1
cup#3832,1
bepbep_beaches#6020,1
livü¶ãü¶ã#8691,1
louuiss#3477,1
TheBudderBomb#9669,1
sasquatchboy (Jeromy)#9054,1
StaleKale#1168,1
DakodaSky#8749,1
flud#1234,1
SadBoi Flacko#8057,1
FireZD__#3671,1
·¥õ·¥è·¥Ä·¥Ö#8126,1
Blackwing#2700,1
Matt.#2005,1
kaine#3401,1
RioSheep#1839,1
Columey#7686,1
ydarbxela#0375,1
Max#7781,1
hockey is straight shut up guys#3441,1
mrjrlye#7741,1
RozeKing#1050,1
Mikeygee#1278,1
ƒêeadweight#3716,1
BobTheSnob#9999,1
megalodonbait#2231,1
aldog19961#3099,1
tien#4207,1
Deutsch_Sp√§tzle#9054,1
Winter_Grim#2825,1
nutmeg28#1045,1
RayTheSurfer#1843,1
English_Penguin#1323,1
SnowmanTechie#9639,1
Art Vandolay#3710,1
Cipala#3260,1
Nuparu23#5784,1
Orb#5314,1
SkoomaCatto#5847,1
lovely_liability#6786,1
AppleJamnPB#3620,1
Vivith#0626,1
Healerjf#9119,1
HugoTheHumorous#4110,1
Mock#4037,1
teetertotter246#7463,1
chuy#3284,1
Terranova#9921,1
Odin#7953,1
pixlpulse#4031,1
gon#4768,1
Summerwolf#8562,1
mrkoen2000#6986,1
Ignasis#6930,1
KT_7#9502,1
Strata_#7374,1
Zack Zimmerman#5939,1
weebweb21#3622,1
ùîÖùîûùî°ùî§ùî¢ùîØ#4293,1
ssskia#2746,1
Lucasdoodles#3474,1
MustardMan#9985,1
Ja—Åk#0204,1
Shabbad00#8362,1
Shuckle#0925,1
Vindalfur#7175,1
MrsJackson#1306,1
wagyuu#4026,1
Jelly#9322,1
TheHaruspex#7760,1
M_7_#7632,1
StarryNight94#5771,1
Licieon#0417,1
Materializer#6770,1
Icarus#3963,1
Alchemist_4#1476,1
OhGeeze#8054,1
Raiyuu#5794,1
Bj√∂rney#4510,1
Lil Paz#5315,1
Salty#2761,1
starswillscream#0810,1
The Most Mediocre Circle Around#9856,1
PunishedJake#0148,1
PicNic#9256,1
NokiHusz√°r#9353,1
most#0309,1
Dat_Gamester#5647,1
Krisso90#7525,1
SilentMonkey#3801,1
Muffin#4540,1
youngfuchsia#3591,1
Virtue#7902,1
lurk_i_am#4285,1
Mister_Man#3652,1
HKjr#1887,1
doc#3133,1
Grandmp#4728,1
ivy ‡ºÑ#8817,1
CheezyMartian#1727,1
quietfang#3441,1
cheese ball#7665,1
woof#2508,1
Walnut#8008,1
JetZero#5607,1
DMV10#8503,1
BobTheSnob#3660,1
PickledTriangle#0521,1
CottonEyeJoe#5713,1
JohnPrice#4056,1
eduardomrojas#0765,1
zxrd#5434,1
RavingPlatypi#3959,1
starrguy#0766,1
FacetedemuGI#9276,1
Artemis Bowden#7598,1
Amerasia#2512,1
Sancires#0001,1
nnnnnnnnail#0914,1
TheArchitect#2603,1
RaineChan#6990,1
jsquire1331#0468,1
SpaceGobble#8982,1
NGC891#1658,1
mitchyy#0860,1
Negligent Shark#5206,1
deleightful#3598,1
SailorJasCat#1215,1
Mr_Farmer_#8955,1
dogbelike#8893,1
soup#4267,1
hulkamaniac23(nothulkhogan)#4520,1
roth#3070,1
Bricks#5353,1
kieronamuos#5915,1
Stalker#0666,1
chambin0#7375,1
21 2020#2901,1
0asis#6564,1
Merlin#5715,1
üÖæüÖºüÖΩüÖ∏#5670,1
flip_ericson#0602,1
BuildTheGondola#5749,1
Xephori#9268,1
Jeskaino#6213,1
bubs#0297,1
Wulfy#2003,1
vik690#8916,1
Azerty#9333,1
Kay#2574,1
DarkNinja46#6844,1
tophat#6387,1
Silversito24#0779,1
Arjewish#6859,1
Lynk#8496,1
Veszie#4247,1
arzed#3240,1
fragment#1937,1
_V3NOM#8553,1
TheReyGun#1678,1
ActOfRagex#4817,1
last_bookbender#8202,1
^0Sidious#6005,1
Cha_m00#7642,1
Jorge!#5603,1
Droomt#2010,1
! ùïØullie#8535,1
Chinggis#5771,1
vijaypondini#0001,1
Stain#4349,1
JS22#7344,1
ShyGuy#7626,1
Blue#5114,1
xLilyuwu#2768,1
Captain Crowbar#3553,1
SnowmanPickins#3393,1
biem12345#5174,1
FourthQuarterMartin#9489,1
Lazyblue#6069,1
Dkotta#0831,1
Pswayde#2652,1
"<img class=""emoji"" draggable=""false"" alt=""üç∑"" src=""https://twemoji.maxcdn.com/v/13.0.1/72x72/1f377.png""/>Catto<img class=""emoji"" draggable=""false"" alt=""üåπ"" src=""https://twemoji.maxcdn.com/v/13.0.1/72x72/1f339.png""/>#2375",1
XX Spider XX#7116,1
InessaMaximova#4540,1
MisfitRen#5361,1
monkystew#2285,1
mak0vision#0819,1
_Syphus590_#2883,1
Chapter Master Dreadnought Dante#2037,1
Remedawg#3277,1
Larsemans#2802,1
sicmvndvs#0327,1
Mytae#2424,1
sweetcrazyme#5281,1
sapph#6252,1
afhdr#0715,1
Chriscat#3705,1
d_toxxx#1217,1
obzii#6911,1
rhammer6505#0493,1
Dart#7777,1
BlueDiamonds49#0282,1
LivChats#0274,1
iMax#0758,1
Kiwi#4846,1
Jedigurljess#1564,1
blackicewind5#1470,1
FEED#0157,1
Macho Waffles#2629,1
Spatular#6912,1
Bunny#0456,1
deipnophobia#8936,1
Caesian#1077,1
Screeps#8702,1
MingByte#2254,1
0K3lv1n#0001,1
chy#6573,1
A ship#2576,1
Cofsyrup#6407,1
Zhigs#7926,1
GreenKid#3492,1
fabiru15#7476,1
Stumpan#3340,1
Brianosaurus#4147,1
SirOracle27#8079,1
aaaaaaaaaa#7755,1
puttington#8486,1
pintsizedrogue#8230,1
EpicWerner#1616,1
Patati#6960,1
idk anymore#9083,1
Tayer#4167,1
joshy#4118,1
Cabbage Frend#6755,1
Bralien#2834,1
gametriplepvp#2806,1
bachma1#6071,1
480Bison#9634,1
odyseros#9269,1
Katie_Guitar1997#6012,1
Spenduh#7777,1
burger#2835,1
inarahs ryan#9818,1
LordFuzzy#5242,1
Daedreus#3431,1
bale#8612,1
Game_Warrior#3816,1
adea#9530,1
stupidookie#0559,1
Jeoki#0543,1
Zock#6085,1
linalena#9479,1
cadence#2075,1
Marci#1234,1
bella___#5310,1
Crummymuffin#4929,1
Bluesmash#4271,1
DrBrewster#7368,1
BlueTigerTheLion#7440,1
Retrochain#8649,1
Rares#6846,1
MysteriousChicken#6955,1
MEGA_Boaz#0717,1
Markoos#8955,1
Conan#1457,1
Peterson2133#8051,1
selena#0059,1
aagupte#4312,1
pepr#5790,1
LeafyLoaf#6798,1
FadedSpade82#5041,1
Sblod#8529,1
Zephyr#3597,1
LogisK#4440,1
ultrareal#9363,1
xd0r1x#5155,1
MurderOfACrow#8289,1
BeastModeNinja#6916,1
Heazzyy#8710,1
Sky0.o#8169,1
hoivincehoi#8287,1
„Åü„Åã„ÇÑ„Çì#1222,1
meiorkju#3490,1
fuzz#6995,1
Ramp#6980,1
fatbeandee#8266,1
Kyni#5078,1
NIEMEYER04#7471,1
Lil‚Äô Gusher#4566,1
Tyrannical#0947,1
Doc#8787,1
kellanx#9502,1
FranzLugosi#7352,1
PabloTheModerator#1897,1
–†—É—Å—Å–∫–∏–π —á–µ–ª–æ–≤–µ–∫#5863,1
pthooligan#4199,1
Deadman#2053,1
Shin69#5116,1
"Sierra M<img class=""emoji"" draggable=""false"" alt=""üåû"" src=""https://twemoji.maxcdn.com/v/13.0.1/72x72/1f31e.png""/>#2252",1
MrDrBananaRama#9847,1
ÏúµÌï¥Îûë#9803,1
eatchinesefood#6550,1
Branden#3319,1
arin (binb)#1365,1
emileeciao#9668,1
skelekat707#4611,1
lavendelkartel#3065,1
manuman#2625,1
Almirius#0561,1
bee#2519,1
Atlasian#9813,1
Sadsthesus#7161,1
SuperSaiyanMilke#0003,1
deceiverW#6155,1
KitKat#8193,1
Parker#8714,1
Wolfi FX (FTHD)#2235,1
Kite Man#1273,1
majlo#1863,1
Bukarr#7328,1
Pryce#3384,1
jt72404#8878,1
Triple neek#1992,1
FemboyOnCrackCocaine#6573,1
olly#6513,1
HappyDepressed#8929,1
Parzival#1600,1
Shaiapouf#3605,1
wow pro#2642,1
Bindermann#9573,1
Toxland#9873,1
TIGS2009#0866,1
LinWin#4862,1
max bunte#9769,1
NutMegBee#8912,1
ùêõùêûùêöùêßùê∞ùêöùê≠ùêûùê´#8342,1
Loles#4201,1
Horace Altman#5555,1
ThatMineThingie#1002,1
aliyar15#3694,1
Filth_me#3937,1
finn!#0698,1
0xJoost#6935,1
oscwoo#7637,1
TheMiner11234#0603,1
spin#8577,1
Fuinha#8275,1
arachi#8900,1
Alpha_wolf162#3967,1
GoldRush#1849,1
Jaydenleefox#7513,1
Milky#3000,1
A4#7390,1
M1ttenss#5577,1
Soggy#0509,1
PlaguefulX#8789,1
Joe_#4778,1
‚úøùíüùí∂ùìáùìÄ ùíúùìÉùëîùëíùìÅ‚úø#3185,1
Craysiis#1458,1
nickrt#0562,1
Redd007#2372,1
timmmycat#7601,1
Twisted#2757,1
DDent#0088,1
moxieslab#7490,1
SrDrako#1971,1
bumpyJake#2004,1
nightscroller#1305,1
Monkey D Luffy#6507,1
Levibrayk#5702,1
The88#8922,1
sooni#1057,1
sarthu not sus#7331,1
ThankfulTouch#4055,1
BrUndUn#8632,1
Maplebear#5066,1
snarky#1169,1
Monokoah#6051,1
Breadn#7930,1
Timelesscrown56#2534,1
baron#9999,1
Dorisclan#3202,1
jeli#2558,1
daxelot#6608,1
G≈çsutomiruku#2140,1
L0ST#2435,1
iciclepops#8406,1
hotdogs#2785,1
Brooklyn#0616,1
Durindil#1772,1
March#6213,1
ncg#5764,1
Zenixia#9310,1
crabs#5223,1
ewout#0777,1
Towyth#6029,1
Eraxa#3811,1
Chi#0033,1
mads#1896,1
benni#3258,1
!MrAppIe#9029,1
Bloodwild [PSN]#7385,1
FreakyShark#1664,1
Geri#9999,1
‚ô°Jasper The Femboy‚ô°[He/Him]#9965,1
LTB_Pravda#4845,1
bings#9142,1
FeverishFlower#6487,1
VoreQor#3114,1
Coach Sami#7084,1
Jef#6196,1
thelordofsnowlems#6172,1
ItsAPerson#9060,1
GraduallyWatermelon#8634,1
Stormy_duck#6100,1
fritztheworst#2329,1
DARKNESS#0317,1
ellie#0089,1
Jonathize#3123,1
Gokor#8012,1
t4ggno#9055,1
yiikeslee#6783,1
SixersNum#4141,1
lil_toastly#1086,1
ShowalterMC#6198,1
skizzle#1169,1
doggyeet#2281,1
n0#2180,1
JBG3MAN#9844,1
surfin#0002,1
"<img class=""emoji"" draggable=""false"" alt=""üçÆ"" src=""https://twemoji.maxcdn.com/v/13.0.1/72x72/1f36e.png""/><img class=""emoji"" draggable=""false"" alt=""üëÆ"" src=""https://twemoji.maxcdn.com/v/13.0.1/72x72/1f46e.png""/>  ·ñ¥ùî®‚ù∫ ò‚ùª ùêü‚ìîùïÉŒØ‚ìß  <img class=""emoji"" draggable=""false"" alt=""‚úå"" src=""https://twemoji.maxcdn.com/v/13.0.1/72x72/270c.png""/>‚ô¨#0687",1
Taxell-Trevor#8158,1
twentygooses#6866,1
AsinusGrandus#6294,1
WitchBolt#2646,1
mpost#2588,1
iCandle#1126,1
Wuhzaoski#3017,1
DOJODOG_2004#2963,1
BenjaminBaguette#5732,1
Lunar#0289,1
N_herb_2#2239,1
Jaku#1169,1
Rhincodon Typus#5781,1
Bromaster#7777,1
Connrad#1003,1
Royal#1015,1
staticshock#1160,1
willow <3#0005,1
Europanaut#0083,1
Endlesslist#2653,1
gogo_max#6095,1
AlanEight#3972,1
Claeo#4321,1
blue solo cup#1798,1
KorrosDuke#2762,1
CrasyKirbyMain420#1553,1
Trevor#3943,1
Zalin_n#3499,1
rohaw_#9834,1
tedbeneke#6969,1
Icejam97#8110,1
DiggingDhole#8535,1
Godzilla#8535,1
phantom (Robbin)#7880,1
elleinadb#7488,1
Biawa#7703,1
LomaticXA#9583,1
Benny#9210,1
Greeeseeee#3394,1
cowmilk#0002,1
RDoc#3310,1
Mothman#1084,1
ShadowShiromaki#5864,1
TheGucciTurtle#2845,1
FireFlare#1577,1
Tyler#0857,1
Jozen#4858,1
Dory#4141,1
SneakyShott#9707,1
CaptEpic1#4139,1
SmolBeepis#0001,1
HeatherHulk#7228,1
Sherlock#0984,1
explicat#1111,1
m_be9#0710,1
glitterazzi#7144,1
fool#7996,1
Chad_745#5447,1
SpruceLogs#1111,1
"Blok kaas<img class=""emoji"" draggable=""false"" alt=""üßÄ"" src=""https://twemoji.maxcdn.com/v/13.0.1/72x72/1f9c0.png""/>#1032",1
central_lavatory#6089,1
AlmostSmart#4170,1
DeTijmen#9977,1
Devenu#9611,1
Marz__Bar#8391,1
Matthijs#9188,1
The_Daniel#9180,1
Xtremeness#7306,1
Raziel#0582,1
ImBetterThanYou#1688,1
Reinhardo#8912,1
dasaniwaters2#4306,1
simpthony#9768,1
MurpheyZeDog#7284,1
soup#1463,1
LouisVuittonDon_#5443,1
goodluckchuck01#6038,1
Techforms_Master#4778,1
jofra296#2475,1
Ani Sektor#2378,1
Psora#1925,1
holy lonely pony eating macaroni#0453,1
HadesAwakens#6299,1
RegressProgress#6765,1
MaxR#8650,1
flex#2127,1
EmissaryofWind#7990,1
Darkdeviousdevil#0666,1
Ôº´Ôº≤ÔºπÔºØÔº∫Ôº°Ôº≤Ôº§#3028,1
Kyronix#1881,1
GoldenCD#9661,1
Dweitzen (Yungsu)#9584,1
Roundtrip#2643,1
louie#8521,1
freshtomatoes#5331,1
j¬¢#9150,1
Joeyboii#8225,1
sufffix#7637,1
Tatooine#2021,1
T_Boy_2#6448,1
savage420smoker#4371,1
littleBluEme‚ô°#1508,1
KYANSKI#8013,1
Botisar#9950,1
Connie#4058,1
Sail#6142,1
Azure#6680,1
AirLoot#9917,1
dedotatedidk#0598,1
someonesawks#4219,1
Neogi#7063,1
Asteroid#7183,1
nubbin of doom#1056,1
HeyImSmile#0008,1
dabingpenguins#2151,1
odin1983#6550,1
verii#5158,1
Tyler2Trill#1804,1
Ubo‚Ñ¢#8945,1
toxicrreaper#2299,1
Lyrex#3813,1
HaydenOverHeaven#8597,1
taterthot#9821,1
maxymmosolov#7825,1
Aldo Z#6699,1
Odino#5622,1
_Charley#2811,1
Hsingh132#0847,1
Impostor#0742,1
AIMbong#9901,1
Justrec#1575,1
Cheezus#1383,1
6w3#5555,1
iconictray#1150,1
idkhowtousediscord#2891,1
MissMagoo47#4456,1
Tocktock#5456,1
Trixitania#8716,1
TheVersaceOwl#2862,1
sightmarish#0072,1
moses?#0007,1
Sye#1571,1
Rowan#2956,1
Jancey#5762,1
Bow#0556,1
MumboGumbo06#6396,1
German_duck#2364,1
LehBee <3#6969,1
Mc Clafferty#7656,1
"ùòû!ùòàùò∑ùò≥ùò™ùòØùòµ<img class=""emoji"" draggable=""false"" alt=""üåπ"" src=""https://twemoji.maxcdn.com/v/13.0.1/72x72/1f339.png""/><img class=""emoji"" draggable=""false"" alt=""üñ§"" src=""https://twemoji.maxcdn.com/v/13.0.1/72x72/1f5a4.png""/>#0001",1
Xamii#7110,1
Metallum#1153,1
„Éõ„É≠#6870,1
bbx#0836,1
Mrmonstermind#2527,1
JeanitaMeow#1467,1
epic PRO#8896,1
SKYGAMER123#6858,1
Mizu#2995,1
Sulner#4826,1
Winston#8959,1
ouche#1402,1
sabo#0958,1
Klimpan#6143,1
Zenos#3586,1
Ôº©ÔºÆÔº©#0186,1
Kalanishe#6666,1
Terryn#3600,1
Vynl#6826,1
Jason Anderson#9700,1
Ata#6229,1
Long#7537,1
SkinnyBois#3484,1
AMBri#4900,1
tordyvel78#9098,1
iMagma#6163,1
Doge#7833,1
Splonk#5868,1
Blueionite#4569,1
Kayto#1826,1
Lesley Campoy#3221,1
NiniKai#1365,1
Lazersharkz#2375,1
Vady#6666,1
KKarma#4418,1
Jake.#9554,1
KingJowa#1445,1
_Lazer#7026,1
Evan37#3493,1
glizzyolizzy#7340,1
Tonijn#1591,1
elmo#0665,1
jake<3#5380,1
DirtyDaveTV#0403,1
Jin#0965,1
Clusterduck#1102,1
liz#3729,1
Oskar#4360,1
Baby__Otter#7415,1
young henti master#4943,1
William T Riker#0001,1
MaxH#5955,1
Gabe.#1594,1
VarunJ#6137,1
Akich#2827,1
eesa#9541,1
Sonoma Jack Cold Pack#1271,1
16kvampie#8330,1
MC Mario#5973,1
Wolven#7820,1
BigBeanTime#6766,1
sammm#8335,1
Messin‚Äô Around#3509,1
dizzyfizz#4903,1
bruceCrust#1158,1
Arvfitii#0420,1
Suugar#2622,1
JettoMaku#6774,1
nhub98#3097,1
Detective_Sipowicz#4859,1
Knight#9789,1
ùò≥ùò¶ùò•#2508,1
Lf0042#5247,1
Theo#6862,1
sam4628#1867,1
Howerd#3433,1
LilBucketGD#0023,1
desoft#1604,1
CastawayKing#4054,1
brk009#0556,1
ant#1725,1
Lebre#5815,1
weewoo#3139,1
Minks#9372,1
Mx. Synnabuns#9867,1
Spoiled_Eggroll#4613,1
Dusk#0331,1
Milky#7072,1
sporkgaming#7087,1
Lord#7368,1
zMagnata#9231,1
Gnoram#6423,1
shakingcoyote#9265,1
JustMaleen#9019,1
Jufilup#3559,1
ricardo cat#7411,1
Beetheboss#2917,1
nei#0001,1
kat__5s#2020,1
cement seal#0332,1
Kemma#5711,1
audigato#2603,1
palawhy#4080,1
Yoshee#4232,1
waluigi#5971,1
Felaak#2400,1
sillay cat#7922,1
Mad#6028,1
Connorxreed#5496,1
Shy#7346,1
apollolol#8097,1
UnPriest#0001,1
Gangsterchimp#1111,1
laughing fox#0001,1
krijn5#9479,1
YoAttE#6666,1
Quel#6197,1
DaddyAsaf#1509,1
AAAAAAAAAA#3183,1
ChickenParm227#0001,1
mileystan#1316,1
Arsen#9098,1
ùêÄùê•ùêûùê±#1666,1
VictorStark#2003,1
zircc#0,1
